EAPSI_c019_15_d4_02-4VU,,EAPSI_c019_15_d4_04-8VU,,EAPSI_c019_15_d5_02-4VU,,EAPSI_c019_15_d5_04-8VU,,EAPSI_c019_15_d5_06-12VU,,0,[0],0,[0],0,0,0,0,0.0,0.0,0.0,0.0,0.0
10,200,10,200,10,200,10,200,10,200,1,[1],1,[1],1,1,1,1,0.05235602094240838,0.04975124378109453,0.04975124378109453,0.05235602094240838,0.05235602094240838
Time [s],Current [A],Time [s],Current [A],Time [s],Current [A],Time [s],Current [A],Time [s],Current [A],2,[2],2,[2],2,2,2,2,0.10471204188481675,0.09950248756218906,0.09950248756218906,0.10471204188481675,0.10471204188481675
179.57127809524536,5.9949e-09,179.6203579902649,2.39477e-06,179.5180962085724,6.6051e-07,179.6114158630371,2.08606e-06,179.58458995819092,0.0120026,3,[3],3,[3],3,3,3,3,0.15706806282722513,0.1492537313432836,0.1492537313432836,0.15706806282722513,0.15706806282722513
178.4445822238922,1.68883e-07,178.368155002594,1.42478e-06,178.26722407341003,1.41673e-06,178.35712695121765,1.39073e-06,178.1389729976654,0.0120026,4,[4],4,[4],4,4,4,4,0.2094240837696335,0.19900497512437812,0.19900497512437812,0.2094240837696335,0.2094240837696335
177.43726301193237,1.4391e-07,177.3611831665039,1.18944e-06,177.26446413993835,8.2495e-07,177.3522868156433,1.30089e-06,177.13483905792236,0.0120026,5,[5],5,[5],5,5,5,5,0.2617801047120419,0.24875621890547264,0.24875621890547264,0.2617801047120419,0.2617801047120419
176.43074202537537,1.38902e-07,176.35581803321838,9.9133e-07,176.2602241039276,1.11224e-06,176.34746193885803,1.30489e-06,176.1283049583435,0.0120028,6,[6],6,[6],6,6,6,6,0.31413612565445026,0.2985074626865672,0.2985074626865672,0.31413612565445026,0.31413612565445026
175.42331504821777,1.34841e-07,175.35072994232178,9.8595e-07,175.25432515144348,6.6587e-07,175.3427438735962,1.33974e-06,175.1254940032959,0.0120029,7,[7],7,[7],7,7,7,7,0.36649214659685864,0.3482587064676617,0.3482587064676617,0.36649214659685864,0.36649214659685864
174.42086601257324,1.24195e-07,174.34425711631775,9.463e-07,174.24769711494446,7.858e-07,174.33896589279175,1.29e-06,174.12209701538086,0.0120028,8,[8],8,[8],8,8,8,8,0.418848167539267,0.39800995024875624,0.39800995024875624,0.418848167539267,0.418848167539267
173.4156630039215,1.16865e-07,173.33698201179504,9.2898e-07,173.24260807037354,5.1187e-07,173.33468389511108,1.21147e-06,173.11606311798096,0.0120029,9,[9],9,[9],9,9,9,9,0.4712041884816754,0.44776119402985076,0.44776119402985076,0.4712041884816754,0.4712041884816754
172.4089651107788,1.076e-07,172.33045506477356,9.3731e-07,172.2374460697174,2.66642e-07,172.32836198806763,1.43457e-06,172.1135711669922,0.0120028,10,[10],10,[10],10,10,10,10,0.5235602094240838,0.4975124378109453,0.4975124378109453,0.5235602094240838,0.5235602094240838
171.40501022338867,1.00896e-07,171.32413506507874,9.567e-07,171.23074221611023,2.30688e-07,171.321044921875,1.50291e-06,171.11110305786133,0.0120026,11,[11],11,[11],11,11,11,11,0.5759162303664922,0.5472636815920399,0.5472636815920399,0.5759162303664922,0.5759162303664922
170.39778017997742,9.692e-08,170.3198959827423,9.7893e-07,170.22750210762024,2.31481e-07,170.3165009021759,1.52004e-06,170.10808205604553,0.0120025,12,[12],12,[12],12,12,12,12,0.6282722513089005,0.5970149253731344,0.5970149253731344,0.6282722513089005,0.6282722513089005
169.3904640674591,8.9322e-08,169.31228613853455,9.9461e-07,169.22474908828735,1.5374e-07,169.3107190132141,1.57587e-06,169.10096716880798,0.0120025,13,[13],13,[13],13,13,13,13,0.6806282722513088,0.6467661691542289,0.6467661691542289,0.6806282722513088,0.6806282722513088
168.385183095932,8.6237e-08,168.30562806129456,9.7395e-07,168.2183232307434,3.0986e-07,168.3077929019928,1.62712e-06,168.09457111358643,0.0120026,14,[14],14,[14],14,14,14,14,0.7329842931937173,0.6965174129353234,0.6965174129353234,0.7329842931937173,0.7329842931937173
167.38020515441895,8.3815e-08,167.3029820919037,9.3047e-07,167.21354722976685,2.71654e-07,167.30360889434814,1.60606e-06,167.0918231010437,0.0120025,15,[15],15,[15],15,15,15,15,0.7853403141361257,0.746268656716418,0.746268656716418,0.7853403141361257,0.7853403141361257
166.3741261959076,7.9802e-08,166.2974271774292,9.2438e-07,166.2092251777649,1.68648e-07,166.29931497573853,2.04849e-06,166.08828806877136,0.0120025,16,[16],16,[16],16,16,16,16,0.837696335078534,0.7960199004975125,0.7960199004975125,0.837696335078534,0.837696335078534
165.3668031692505,7.8416e-08,165.29387307167053,1.06204e-06,165.2020571231842,2.51603e-07,165.2922089099884,2.31797e-06,165.0838339328766,0.0120024,17,[17],17,[17],17,17,17,17,0.8900523560209423,0.845771144278607,0.845771144278607,0.8900523560209423,0.8900523560209423
164.36294507980347,7.7342e-08,164.28849005699158,1.00489e-06,164.19769501686096,2.25353e-07,164.28486680984497,2.38199e-06,164.07786512374878,0.0120026,18,[18],18,[18],18,18,18,18,0.9424083769633508,0.8955223880597015,0.8955223880597015,0.9424083769633508,0.9424083769633508
163.35788106918335,7.6298e-08,163.28554010391235,1.01666e-06,163.1939890384674,2.3452e-07,163.28072094917297,2.50845e-06,163.0741069316864,0.0120026,19,[19],19,[19],19,19,19,19,0.9947643979057592,0.945273631840796,0.945273631840796,0.9947643979057592,0.9947643979057592
162.35457110404968,7.4825e-08,162.28134298324585,1.03009e-06,162.18937921524048,3.7542e-07,162.27654385566711,2.58613e-06,162.06940698623657,0.0120027,20,[20],20,[20],20,20,20,20,1.0471204188481675,0.9950248756218906,0.9950248756218906,1.0471204188481675,1.0471204188481675
161.35200810432434,7.417e-08,161.27764296531677,1.07943e-06,161.18487310409546,1.66008e-07,161.27226281166077,2.81993e-06,161.06321597099304,0.0120028,21,[21],21,[21],21,21,21,21,1.0994764397905759,1.0447761194029852,1.0447761194029852,1.0994764397905759,1.0994764397905759
160.3460931777954,7.3119e-08,160.27171516418457,1.10628e-06,160.18086409568787,4.1195e-07,160.2668068408966,2.78323e-06,160.0598590373993,0.0120027,22,[22],22,[22],22,22,22,22,1.1518324607329844,1.0945273631840797,1.0945273631840797,1.1518324607329844,1.1518324607329844
159.34193301200867,7.2354e-08,159.26455807685852,1.16792e-06,159.17672204971313,3.0064e-07,159.25960302352905,2.91854e-06,159.05277800559998,0.0120028,23,[23],23,[23],23,23,23,23,1.2041884816753927,1.1442786069651742,1.1442786069651742,1.2041884816753927,1.2041884816753927
158.33762121200562,7.2156e-08,158.25777506828308,1.18416e-06,158.1709921360016,4.2762e-07,158.25555801391602,2.98634e-06,158.0487141609192,0.0120028,24,[24],24,[24],24,24,24,24,1.256544502617801,1.1940298507462688,1.1940298507462688,1.256544502617801,1.256544502617801
157.33177709579468,7.14e-08,157.2532320022583,1.22602e-06,157.16502618789673,3.7937e-07,157.2495458126068,3.119e-06,157.04233193397522,0.0120027,25,[25],25,[25],25,25,25,25,1.3089005235602094,1.2437810945273633,1.2437810945273633,1.3089005235602094,1.3089005235602094
156.32914519309998,7.1304e-08,156.24582695960999,1.21968e-06,156.15819311141968,3.5255e-07,156.24260783195496,3.0413e-06,156.03842210769653,0.0120027,26,[26],26,[26],26,26,26,26,1.3612565445026177,1.2935323383084578,1.2935323383084578,1.3612565445026177,1.3612565445026177
155.32507514953613,6.9716e-08,155.23957109451294,1.21969e-06,155.1524851322174,2.43659e-07,155.23538279533386,3.3944e-06,155.0336880683899,0.0120026,27,[27],27,[27],27,27,27,27,1.4136125654450262,1.3432835820895523,1.3432835820895523,1.4136125654450262,1.4136125654450262
154.31914615631104,6.9694e-08,154.2347161769867,1.22557e-06,154.1467480659485,2.16269e-07,154.22919297218323,3.6886e-06,154.02826595306396,0.0120028,28,[28],28,[28],28,28,28,28,1.4659685863874345,1.3930348258706469,1.3930348258706469,1.4659685863874345,1.4659685863874345
153.31505513191223,6.9913e-08,153.2304151058197,1.23712e-06,153.14063715934753,1.58469e-07,153.22369980812073,2.87076e-06,153.02170610427856,0.0120029,29,[29],29,[29],29,29,29,29,1.5183246073298429,1.4427860696517414,1.4427860696517414,1.5183246073298429,1.5183246073298429
152.31247401237488,7.0236e-08,152.2262589931488,1.25614e-06,152.1354660987854,1.90848e-07,152.21694588661194,3.2174e-06,152.0174069404602,0.0120024,30,[30],30,[30],30,30,30,30,1.5706806282722514,1.492537313432836,1.492537313432836,1.5706806282722514,1.5706806282722514
151.30924010276794,6.9075e-08,151.21900916099548,1.30402e-06,151.12908601760864,1.47378e-07,151.2136378288269,3.5124e-06,151.01321506500244,0.0120027,31,[31],31,[31],31,31,31,31,1.6230366492146597,1.5422885572139304,1.5422885572139304,1.6230366492146597,1.6230366492146597
150.30371618270874,6.8982e-08,150.21180415153503,1.35453e-06,150.12648820877075,2.11719e-07,150.20826983451843,3.5965e-06,150.00880813598633,0.0120028,32,[32],32,[32],32,32,32,32,1.675392670157068,1.592039800995025,1.592039800995025,1.675392670157068,1.675392670157068
149.2976701259613,6.8196e-08,149.20772099494934,1.40249e-06,149.1227080821991,1.92821e-07,149.2015039920807,3.7117e-06,149.0043909549713,0.0120144,33,[33],33,[33],33,33,33,33,1.7277486910994764,1.6417910447761195,1.6417910447761195,1.7277486910994764,1.7277486910994764
148.29513311386108,6.8035e-08,148.20215797424316,1.344e-06,148.1159691810608,1.92723e-07,148.19483280181885,4.0057e-06,148.00056314468384,0.0120146,34,[34],34,[34],34,34,34,34,1.7801047120418847,1.691542288557214,1.691542288557214,1.7801047120418847,1.7801047120418847
147.28992319107056,6.9233e-08,147.19921398162842,1.37679e-06,147.11202907562256,2.01552e-07,147.1899769306183,3.4229e-06,146.99400305747986,0.0120147,35,[35],35,[35],35,35,35,35,1.8324607329842932,1.7412935323383085,1.7412935323383085,1.8324607329842932,1.8324607329842932
146.286719083786,6.7279e-08,146.19506812095642,1.39878e-06,146.10740613937378,1.85669e-07,146.18553590774536,3.9043e-06,145.98980402946472,0.0120146,36,[36],36,[36],36,36,36,36,1.8848167539267016,1.791044776119403,1.791044776119403,1.8848167539267016,1.8848167539267016
145.28066420555115,6.7085e-08,145.19080305099487,1.42213e-06,145.1000201702118,2.01657e-07,145.18132090568542,3.2476e-06,144.98425698280334,0.0120146,37,[37],37,[37],37,37,37,37,1.9371727748691099,1.8407960199004976,1.8407960199004976,1.9371727748691099,1.9371727748691099
144.2748281955719,6.698e-08,144.18780398368835,1.42182e-06,144.09557509422302,1.87499e-07,144.1772689819336,3.3592e-06,143.97828006744385,0.0120145,38,[38],38,[38],38,38,38,38,1.9895287958115184,1.890547263681592,1.890547263681592,1.9895287958115184,1.9895287958115184
143.26826810836792,6.5521e-08,143.18490314483643,1.49234e-06,143.09196519851685,1.92336e-07,143.17286086082458,3.2792e-06,142.97236609458923,0.0120145,39,[39],39,[39],39,39,39,39,2.0418848167539267,1.9402985074626866,1.9402985074626866,2.0418848167539267,2.0418848167539267
142.26435804367065,6.5507e-08,142.17811608314514,1.61438e-06,142.0845410823822,1.94989e-07,142.16859483718872,3.5882e-06,141.96504402160645,0.0120145,40,[40],40,[40],40,40,40,40,2.094240837696335,1.9900497512437811,1.9900497512437811,2.094240837696335,2.094240837696335
141.2602310180664,6.3144e-08,141.1720790863037,1.45735e-06,141.07950520515442,1.88731e-07,141.16302394866943,3.59e-06,140.96047496795654,0.0120143,41,[41],41,[41],41,41,41,41,2.1465968586387434,2.039800995024876,2.039800995024876,2.1465968586387434,2.1465968586387434
140.2543981075287,6.5071e-08,140.16486501693726,1.41867e-06,140.07651901245117,1.77309e-07,140.1568009853363,3.1744e-06,139.95513105392456,0.0120147,42,[42],42,[42],42,42,42,42,2.1989528795811517,2.0895522388059704,2.0895522388059704,2.1989528795811517,2.1989528795811517
139.251305103302,6.4803e-08,139.16226196289062,1.4538e-06,139.0724880695343,1.80634e-07,139.15031480789185,3.3265e-06,138.94923400878906,0.0120147,43,[43],43,[43],43,43,43,43,2.25130890052356,2.139303482587065,2.139303482587065,2.25130890052356,2.25130890052356
138.24869418144226,6.3385e-08,138.15530109405518,1.48506e-06,138.0692000389099,1.90565e-07,138.14391779899597,3.3701e-06,137.94640612602234,0.0120142,44,[44],44,[44],44,44,44,44,2.303664921465969,2.1890547263681595,2.1890547263681595,2.303664921465969,2.303664921465969
137.24274921417236,6.2905e-08,137.14982199668884,1.47031e-06,137.06237816810608,1.8291e-07,137.13743686676025,3.5699e-06,136.94227004051208,0.0120144,45,[45],45,[45],45,45,45,45,2.356020942408377,2.238805970149254,2.238805970149254,2.356020942408377,2.356020942408377
136.2358431816101,6.2699e-08,136.14677095413208,1.63276e-06,136.05615520477295,2.41741e-07,136.13154792785645,3.6879e-06,135.93697094917297,0.0120144,46,[46],46,[46],46,46,46,46,2.4083769633507854,2.2885572139303485,2.2885572139303485,2.4083769633507854,2.4083769633507854
135.2314600944519,6.1514e-08,135.1404881477356,1.57282e-06,135.0503580570221,1.73879e-07,135.1254439353943,3.8355e-06,134.93355107307434,0.0120142,47,[47],47,[47],47,47,47,47,2.4607329842931938,2.338308457711443,2.338308457711443,2.4607329842931938,2.4607329842931938
134.22460913658142,6.2638e-08,134.13761401176453,1.5658e-06,134.04773116111755,1.65699e-07,134.11972093582153,3.6427e-06,133.92759609222412,0.0120144,48,[48],48,[48],48,48,48,48,2.513089005235602,2.3880597014925375,2.3880597014925375,2.513089005235602,2.513089005235602
133.217383146286,6.1092e-08,133.13149404525757,1.57644e-06,133.0434341430664,1.70659e-07,133.11325883865356,3.7915e-06,132.92035007476807,0.0120142,49,[49],49,[49],49,49,49,49,2.5654450261780104,2.437810945273632,2.437810945273632,2.5654450261780104,2.5654450261780104
132.2146611213684,6.2614e-08,132.12853813171387,1.55041e-06,132.04102301597595,8.8625e-08,132.1076958179474,4.2143e-06,131.9150800704956,0.0120142,50,[50],50,[50],50,50,50,50,2.6178010471204187,2.4875621890547266,2.4875621890547266,2.6178010471204187,2.6178010471204187
131.20991921424866,6.1628e-08,131.1218581199646,1.49953e-06,131.034912109375,1.7279e-07,131.10058283805847,3.8347e-06,130.91118097305298,0.0120145,51,[51],51,[51],51,51,51,51,2.670157068062827,2.537313432835821,2.537313432835821,2.670157068062827,2.670157068062827
130.20737099647522,6.071e-08,130.11586999893188,1.48401e-06,130.02916717529297,1.15144e-07,130.09464693069458,3.8393e-06,129.90442895889282,0.0120143,52,[52],52,[52],52,52,52,52,2.7225130890052354,2.5870646766169156,2.5870646766169156,2.7225130890052354,2.7225130890052354
129.20441007614136,5.9204e-08,129.11010313034058,1.54952e-06,129.02411007881165,2.0379e-07,129.08910989761353,3.9019e-06,128.90099811553955,0.0120145,53,[53],53,[53],53,53,53,53,2.774869109947644,2.63681592039801,2.63681592039801,2.774869109947644,2.774869109947644
128.19889903068542,6.2651e-08,128.10447716712952,1.54164e-06,128.01738214492798,1.98198e-07,128.08282685279846,3.8595e-06,127.89454293251038,0.0120143,54,[54],54,[54],54,54,54,54,2.8272251308900525,2.6865671641791047,2.6865671641791047,2.8272251308900525,2.8272251308900525
127.19662809371948,5.8916e-08,127.09826707839966,1.54745e-06,127.01044607162476,1.95492e-07,127.07624197006226,3.8529e-06,126.89039516448975,0.0120144,55,[55],55,[55],55,55,55,55,2.8795811518324608,2.736318407960199,2.736318407960199,2.8795811518324608,2.8795811518324608
126.19182920455933,6.1452e-08,126.09273195266724,1.54107e-06,126.00546312332153,1.12196e-07,126.06984901428223,3.8546e-06,125.88422298431396,0.0120142,56,[56],56,[56],56,56,56,56,2.931937172774869,2.7860696517412937,2.7860696517412937,2.931937172774869,2.931937172774869
125.1846170425415,5.7864e-08,125.08561515808105,1.59187e-06,125.00216317176819,1.86243e-07,125.06554889678955,4.2395e-06,124.8790979385376,0.0120145,57,[57],57,[57],57,57,57,57,2.9842931937172774,2.8358208955223883,2.8358208955223883,2.9842931937172774,2.9842931937172774
124.1820011138916,6.0421e-08,124.08087015151978,1.56252e-06,123.99962401390076,1.14334e-07,124.05919981002808,4.1798e-06,123.87431406974792,0.0120143,58,[58],58,[58],58,58,58,58,3.0366492146596857,2.8855721393034828,2.8855721393034828,3.0366492146596857,3.0366492146596857
123.17670321464539,5.7219e-08,123.07435917854309,1.55453e-06,122.993821144104,1.77402e-07,123.05405592918396,4.3258e-06,122.87045812606812,0.0120142,59,[59],59,[59],59,59,59,59,3.089005235602094,2.9353233830845773,2.9353233830845773,3.089005235602094,3.089005235602094
122.17347621917725,6.0629e-08,122.06875109672546,1.59706e-06,121.99112010002136,1.7663e-07,122.04756188392639,4.7699e-06,121.86737513542175,0.0120145,60,[60],60,[60],60,60,60,60,3.141361256544503,2.985074626865672,2.985074626865672,3.141361256544503,3.141361256544503
121.17044115066528,5.5668e-08,121.06584095954895,1.65797e-06,120.98416113853455,2.34844e-07,121.04119992256165,4.1922e-06,120.86309504508972,0.0120146,61,[61],61,[61],61,61,61,61,3.193717277486911,3.0348258706467663,3.0348258706467663,3.193717277486911,3.193717277486911
120.16556811332703,5.9665e-08,120.05940914154053,1.60253e-06,119.98005604743958,1.88555e-07,120.03501296043396,4.1679e-06,119.85864496231079,0.0120144,62,[62],62,[62],62,62,62,62,3.2460732984293195,3.084577114427861,3.084577114427861,3.2460732984293195,3.2460732984293195
119.16206216812134,5.8387e-08,119.05684804916382,1.65074e-06,118.97260808944702,1.70057e-07,119.02870488166809,4.2322e-06,118.85348296165466,0.0120141,63,[63],63,[63],63,63,63,63,3.298429319371728,3.1343283582089554,3.1343283582089554,3.298429319371728,3.298429319371728
118.15655708312988,5.9042e-08,118.05414700508118,1.66838e-06,117.96844720840454,1.76266e-07,118.02249884605408,4.695e-06,117.8485779762268,0.0120146,64,[64],64,[64],64,64,64,64,3.350785340314136,3.18407960199005,3.18407960199005,3.350785340314136,3.350785340314136
117.15221405029297,5.8876e-08,117.04971313476562,1.58387e-06,116.964182138443,1.75302e-07,117.01553201675415,4.1066e-06,116.84577798843384,0.0120146,65,[65],65,[65],65,65,65,65,3.4031413612565444,3.2338308457711444,3.2338308457711444,3.4031413612565444,3.4031413612565444
116.1494140625,5.747e-08,116.04693508148193,1.64699e-06,115.95823121070862,1.96262e-07,116.0110650062561,4.3258e-06,115.84250497817993,0.0120145,66,[66],66,[66],66,66,66,66,3.4554973821989527,3.283582089552239,3.283582089552239,3.4554973821989527,3.4554973821989527
115.14272809028625,5.7739e-08,115.04046106338501,1.66232e-06,114.95572805404663,2.09552e-07,115.00805997848511,4.3318e-06,114.83948707580566,0.0120144,67,[67],67,[67],67,67,67,67,3.507853403141361,3.3333333333333335,3.3333333333333335,3.507853403141361,3.507853403141361
114.13961911201477,5.7317e-08,114.03795409202576,1.7266e-06,113.95094108581543,1.92788e-07,114.00390791893005,4.7764e-06,113.83347415924072,0.0120145,68,[68],68,[68],68,68,68,68,3.5602094240837694,3.383084577114428,3.383084577114428,3.5602094240837694,3.5602094240837694
113.13585019111633,5.7745e-08,113.03144907951355,1.80323e-06,112.94713115692139,1.63723e-07,112.99961590766907,4.7516e-06,112.82763695716858,0.0120146,69,[69],69,[69],69,69,69,69,3.612565445026178,3.4328358208955225,3.4328358208955225,3.612565445026178,3.612565445026178
112.13114213943481,5.5387e-08,112.0262131690979,2.00769e-06,111.9430980682373,1.87214e-07,111.99524188041687,4.9417e-06,111.82498002052307,0.0120146,70,[70],70,[70],70,70,70,70,3.6649214659685865,3.482587064676617,3.482587064676617,3.6649214659685865,3.6649214659685865
111.1281840801239,5.8048e-08,111.0234911441803,1.80346e-06,110.93874311447144,2.4696e-07,110.9916079044342,5.6213e-06,110.82084202766418,0.0120145,71,[71],71,[71],71,71,71,71,3.717277486910995,3.5323383084577116,3.5323383084577116,3.717277486910995,3.717277486910995
110.1240770816803,5.7499e-08,110.01666808128357,1.96125e-06,109.93462419509888,1.33882e-07,109.98701882362366,4.8634e-06,109.81786513328552,0.0120147,72,[72],72,[72],72,72,72,72,3.769633507853403,3.582089552238806,3.582089552238806,3.769633507853403,3.769633507853403
109.11676406860352,5.9288e-08,109.01047706604004,1.7533e-06,108.93027520179749,1.96217e-07,108.98077583312988,4.4267e-06,108.81363701820374,0.0120146,73,[73],73,[73],73,73,73,73,3.8219895287958114,3.6318407960199006,3.6318407960199006,3.8219895287958114,3.8219895287958114
108.11418199539185,5.8237e-08,108.00703811645508,1.75527e-06,107.92608118057251,2.38882e-07,107.97614288330078,4.4722e-06,107.80630707740784,0.0120146,74,[74],74,[74],74,74,74,74,3.8743455497382198,3.681592039800995,3.681592039800995,3.8743455497382198,3.8743455497382198
107.10884618759155,5.6482e-08,107.0035879611969,1.88981e-06,106.91947817802429,1.75089e-07,106.96971082687378,4.5097e-06,106.80358910560608,0.0120148,75,[75],75,[75],75,75,75,75,3.926701570680628,3.7313432835820897,3.7313432835820897,3.926701570680628,3.926701570680628
106.10566520690918,5.826e-08,106.00008702278137,1.80235e-06,105.91549921035767,1.71971e-07,105.96660590171814,4.2417e-06,105.79964804649353,0.0120145,76,[76],76,[76],76,76,76,76,3.979057591623037,3.781094527363184,3.781094527363184,3.979057591623037,3.979057591623037
105.10304808616638,5.77e-08,104.99653911590576,1.87394e-06,104.90833520889282,1.69215e-07,104.96005296707153,4.3126e-06,104.79691195487976,0.0120146,77,[77],77,[77],77,77,77,77,4.031413612565445,3.8308457711442787,3.8308457711442787,4.031413612565445,4.031413612565445
104.09725999832153,5.7833e-08,103.99287796020508,1.70231e-06,103.90335011482239,1.83665e-07,103.95580697059631,4.2805e-06,103.79118394851685,0.0120143,78,[78],78,[78],78,78,78,78,4.0837696335078535,3.8805970149253732,3.8805970149253732,4.0837696335078535,4.0837696335078535
103.09157609939575,5.6387e-08,102.98921394348145,1.75048e-06,102.89908504486084,1.75975e-07,102.95030999183655,1.50445e-05,102.78503012657166,0.0120146,79,[79],79,[79],79,79,79,79,4.136125654450262,3.9303482587064678,3.9303482587064678,4.136125654450262,4.136125654450262
102.08877420425415,5.7477e-08,101.98632216453552,1.78889e-06,101.89473605155945,2.12257e-07,101.94727993011475,9.6407e-06,101.78029799461365,0.0120144,80,[80],80,[80],80,80,80,80,4.18848167539267,3.9800995024875623,3.9800995024875623,4.18848167539267,4.18848167539267
101.08556008338928,5.6752e-08,100.98347306251526,1.69103e-06,100.8906672000885,1.81876e-07,100.94308090209961,9.9857e-06,100.77352905273438,0.0120146,81,[81],81,[81],81,81,81,81,4.2408376963350785,4.029850746268657,4.029850746268657,4.2408376963350785,4.2408376963350785
100.08130812644958,5.7744e-08,99.98057699203491,1.72983e-06,99.88454222679138,1.95196e-07,99.93887186050415,1.24846e-05,99.76844215393066,0.0120147,82,[82],82,[82],82,82,82,82,4.293193717277487,4.079601990049752,4.079601990049752,4.293193717277487,4.293193717277487
99.07467818260193,5.7573e-08,98.97569513320923,1.72355e-06,98.88073301315308,1.89749e-07,98.93379187583923,1.52156e-05,98.76413798332214,0.0120146,83,[83],83,[83],83,83,83,83,4.345549738219895,4.129353233830846,4.129353233830846,4.345549738219895,4.345549738219895
98.0694990158081,5.8343e-08,97.97215509414673,1.72558e-06,97.87805914878845,1.71428e-07,97.93031787872314,2.56634e-05,97.75997805595398,0.0120147,84,[84],84,[84],84,84,84,84,4.397905759162303,4.179104477611941,4.179104477611941,4.397905759162303,4.397905759162303
97.06678318977356,5.7231e-08,96.96955895423889,1.74361e-06,96.87372016906738,1.87718e-07,96.9237928390503,1.89485e-05,96.75546312332153,0.0120145,85,[85],85,[85],85,85,85,85,4.450261780104712,4.228855721393035,4.228855721393035,4.450261780104712,4.450261780104712
96.06331205368042,5.874e-08,95.96616911888123,1.75341e-06,95.86711406707764,1.7399e-07,95.91769790649414,6.5329e-06,95.75132894515991,0.0120146,86,[86],86,[86],86,86,86,86,4.50261780104712,4.27860696517413,4.27860696517413,4.50261780104712,4.50261780104712
95.0602171421051,5.7412e-08,94.963219165802,1.7768e-06,94.86324214935303,1.75024e-07,94.91189789772034,6.6869e-06,94.74655199050903,0.0120144,87,[87],87,[87],87,87,87,87,4.554973821989528,4.328358208955224,4.328358208955224,4.554973821989528,4.554973821989528
94.05479502677917,5.881e-08,93.9578070640564,1.74495e-06,93.8597981929779,2.22778e-07,93.90609502792358,6.8474e-06,93.7398419380188,0.0120143,88,[88],88,[88],88,88,88,88,4.607329842931938,4.378109452736319,4.378109452736319,4.607329842931938,4.607329842931938
93.04965806007385,5.7236e-08,92.95389699935913,1.7402e-06,92.8568320274353,2.05499e-07,92.90343880653381,5.9483e-06,92.73571705818176,0.0120145,89,[89],89,[89],89,89,89,89,4.659685863874346,4.427860696517413,4.427860696517413,4.659685863874346,4.659685863874346
92.0463490486145,5.9194e-08,91.95081305503845,1.84277e-06,91.85317707061768,1.75111e-07,91.89912486076355,7.92e-06,91.72891616821289,0.0120146,90,[90],90,[90],90,90,90,90,4.712041884816754,4.477611940298508,4.477611940298508,4.712041884816754,4.712041884816754
91.0435700416565,5.7736e-08,90.94844913482666,1.83479e-06,90.84839701652527,1.76301e-07,90.89498996734619,1.11154e-05,90.72233200073242,0.0120147,91,[91],91,[91],91,91,91,91,4.7643979057591626,4.5273631840796025,4.5273631840796025,4.7643979057591626,4.7643979057591626
90.03900218009949,5.9512e-08,89.94193410873413,1.83332e-06,89.84190011024475,2.04554e-07,89.8917338848114,9.6638e-06,89.71617794036865,0.0120142,92,[92],92,[92],92,92,92,92,4.816753926701571,4.577114427860697,4.577114427860697,4.816753926701571,4.816753926701571
89.03160810470581,5.8945e-08,88.93442010879517,1.85055e-06,88.83448815345764,2.02778e-07,88.88652300834656,8.9333e-06,88.70901799201965,0.0120146,93,[93],93,[93],93,93,93,93,4.869109947643979,4.6268656716417915,4.6268656716417915,4.869109947643979,4.869109947643979
88.0267481803894,5.7509e-08,87.92899703979492,1.79969e-06,87.82982206344604,1.42318e-07,87.88230490684509,8.4211e-06,87.70275712013245,0.0120146,94,[94],94,[94],94,94,94,94,4.9214659685863875,4.676616915422886,4.676616915422886,4.9214659685863875,4.9214659685863875
87.01941704750061,5.8832e-08,86.9262170791626,1.82158e-06,86.82560610771179,2.13387e-07,86.87798380851746,9.2455e-06,86.69717311859131,0.0120146,95,[95],95,[95],95,95,95,95,4.973821989528796,4.726368159203981,4.726368159203981,4.973821989528796,4.973821989528796
86.01488518714905,5.7941e-08,85.92338609695435,1.78061e-06,85.8214681148529,2.16451e-07,85.8715147972107,7.7522e-06,85.69130396842957,0.0120146,96,[96],96,[96],96,96,96,96,5.026178010471204,4.776119402985075,4.776119402985075,5.026178010471204,5.026178010471204
85.0109121799469,5.817e-08,84.92095303535461,1.8245e-06,84.81484603881836,2.00399e-07,84.86906099319458,1.51242e-05,84.68529105186462,0.0120145,97,[97],97,[97],97,97,97,97,5.0785340314136125,4.82587064676617,4.82587064676617,5.0785340314136125,5.0785340314136125
84.00614619255066,5.6634e-08,83.91856813430786,1.83645e-06,83.81069707870483,2.28897e-07,83.86537981033325,1.28681e-05,83.67845416069031,0.0120145,98,[98],98,[98],98,98,98,98,5.130890052356021,4.875621890547264,4.875621890547264,5.130890052356021,5.130890052356021
83.00161600112915,5.8762e-08,82.91231298446655,1.81257e-06,82.80764818191528,1.51447e-07,82.86116099357605,1.42998e-05,82.67309999465942,0.0120144,99,[99],99,[99],99,99,99,99,5.183246073298429,4.925373134328359,4.925373134328359,5.183246073298429,5.183246073298429
81.99758815765381,6.0154e-08,81.90908598899841,1.87026e-06,81.80113911628723,2.04417e-07,81.85875296592712,8.7668e-06,81.66899609565735,0.0120143,100,[100],100,[100],100,100,100,100,5.2356020942408374,4.975124378109453,4.975124378109453,5.2356020942408374,5.2356020942408374
80.99403715133667,5.9889e-08,80.9065911769867,1.82424e-06,80.79686117172241,1.83111e-07,80.85612392425537,1.39182e-05,80.66482496261597,0.0120144,101,[101],101,[101],101,101,101,101,5.287958115183246,5.024875621890548,5.024875621890548,5.287958115183246,5.287958115183246
79.98671221733093,5.8554e-08,79.89944100379944,1.89038e-06,79.79031014442444,1.61214e-07,79.84936380386353,1.19379e-05,79.65794110298157,0.0120143,102,[102],102,[102],102,102,102,102,5.340314136125654,5.074626865671642,5.074626865671642,5.340314136125654,5.340314136125654
78.9816780090332,5.9849e-08,78.89445304870605,1.90554e-06,78.78498816490173,2.65819e-07,78.84427881240845,1.17141e-05,78.65399408340454,0.0120144,103,[103],103,[103],103,103,103,103,5.392670157068062,5.124378109452737,5.124378109452737,5.392670157068062,5.392670157068062
77.97551107406616,6.0631e-08,77.88949394226074,1.84843e-06,77.77961921691895,1.54061e-07,77.83997988700867,1.99149e-05,77.65006303787231,0.0120143,104,[104],104,[104],104,104,104,104,5.445026178010471,5.174129353233831,5.174129353233831,5.445026178010471,5.445026178010471
76.97167110443115,5.9412e-08,76.88465595245361,1.75676e-06,76.77253818511963,3.3495e-07,76.83742594718933,2.20043e-05,76.64474606513977,0.0120145,105,[105],105,[105],105,105,105,105,5.49738219895288,5.223880597014926,5.223880597014926,5.49738219895288,5.49738219895288
75.96697402000427,6.0157e-08,75.88104605674744,1.77193e-06,75.76754021644592,3.5141e-07,75.83278203010559,2.06839e-05,75.63839912414551,0.0120146,106,[106],106,[106],106,106,106,106,5.549738219895288,5.27363184079602,5.27363184079602,5.549738219895288,5.549738219895288
74.96091508865356,5.9686e-08,74.87815999984741,2.1989e-06,74.76124405860901,2.8101e-07,74.82801699638367,2.13915e-05,74.63542604446411,0.0120145,107,[107],107,[107],107,107,107,107,5.602094240837697,5.323383084577115,5.323383084577115,5.602094240837697,5.602094240837697
73.95810413360596,6.0741e-08,73.87549710273743,1.72304e-06,73.75679206848145,1.77421e-07,73.82286596298218,2.10355e-05,73.62966394424438,0.0120145,108,[108],108,[108],108,108,108,108,5.654450261780105,5.373134328358209,5.373134328358209,5.654450261780105,5.654450261780105
72.95273399353027,6.0575e-08,72.86919808387756,2.0497e-06,72.75099205970764,1.80398e-07,72.81868481636047,2.05778e-05,72.62407612800598,0.0120146,109,[109],109,[109],109,109,109,109,5.706806282722513,5.422885572139304,5.422885572139304,5.706806282722513,5.706806282722513
71.94853806495667,6.0983e-08,71.86414504051208,2.24893e-06,71.74485611915588,1.34312e-07,71.81462597846985,2.08604e-05,71.62089800834656,0.0120147,110,[110],110,[110],110,110,110,110,5.7591623036649215,5.472636815920398,5.472636815920398,5.7591623036649215,5.7591623036649215
70.94542622566223,6.1923e-08,70.86103916168213,2.38804e-06,70.7405412197113,2.11022e-07,70.80875182151794,1.94795e-05,70.6166660785675,0.0120146,111,[111],111,[111],111,111,111,111,5.81151832460733,5.522388059701493,5.522388059701493,5.81151832460733,5.81151832460733
69.94230508804321,6.1345e-08,69.85566115379333,2.19522e-06,69.73633813858032,1.3582e-07,69.80480289459229,1.86965e-05,69.61229801177979,0.0120145,112,[112],112,[112],112,112,112,112,5.863874345549738,5.5721393034825875,5.5721393034825875,5.863874345549738,5.863874345549738
68.93896722793579,6.1663e-08,68.85160613059998,2.47312e-06,68.73037600517273,1.66407e-07,68.8021969795227,1.97488e-05,68.6091411113739,0.0120147,113,[113],113,[113],113,113,113,113,5.9162303664921465,5.621890547263682,5.621890547263682,5.9162303664921465,5.9162303664921465
67.9322521686554,6.1702e-08,67.84564709663391,2.42378e-06,67.72549605369568,1.89389e-07,67.79769492149353,1.91185e-05,67.60222816467285,0.0120144,114,[114],114,[114],114,114,114,114,5.968586387434555,5.6716417910447765,5.6716417910447765,5.968586387434555,5.968586387434555
66.92703914642334,6.0918e-08,66.84098100662231,2.41624e-06,66.72302317619324,1.27685e-07,66.79150795936584,1.83468e-05,66.59443998336792,0.0120148,115,[115],115,[115],115,115,115,115,6.020942408376963,5.721393034825871,5.721393034825871,6.020942408376963,6.020942408376963
65.9195671081543,6.2849e-08,65.8359899520874,1.74228e-06,65.71619415283203,1.42577e-07,65.78892803192139,1.84655e-05,65.58957004547119,0.0120146,116,[116],116,[116],116,116,116,116,6.0732984293193715,5.7711442786069655,5.7711442786069655,6.0732984293193715,6.0732984293193715
64.91513109207153,6.1151e-08,64.82868313789368,1.86887e-06,64.70933222770691,1.4323e-07,64.78538393974304,1.9168e-05,64.58551502227783,0.0120148,117,[117],117,[117],117,117,117,117,6.12565445026178,5.82089552238806,5.82089552238806,6.12565445026178,6.12565445026178
63.912397146224976,6.2519e-08,63.825478076934814,1.75582e-06,63.703771114349365,1.41953e-07,63.78080487251282,2.05186e-05,63.57922697067261,0.0120146,118,[118],118,[118],118,118,118,118,6.178010471204188,5.870646766169155,5.870646766169155,6.178010471204188,6.178010471204188
62.90614104270935,6.0782e-08,62.822752952575684,1.70236e-06,62.70088720321655,1.79885e-07,62.776525020599365,2.05605e-05,62.57569694519043,0.0120147,119,[119],119,[119],119,119,119,119,6.230366492146596,5.920398009950249,5.920398009950249,6.230366492146596,6.230366492146596
61.90060901641846,6.3249e-08,61.81509304046631,1.75031e-06,61.69669222831726,1.49208e-07,61.77203893661499,2.1643e-05,61.57285714149475,0.0120149,120,[120],120,[120],120,120,120,120,6.282722513089006,5.970149253731344,5.970149253731344,6.282722513089006,6.282722513089006
60.89757704734802,5.9678e-08,60.811660051345825,1.65416e-06,60.692432165145874,1.54289e-07,60.76813983917236,2.17535e-05,60.56924295425415,0.0120146,121,[121],121,[121],121,121,121,121,6.335078534031414,6.019900497512438,6.019900497512438,6.335078534031414,6.335078534031414
59.89194321632385,6.1855e-08,59.80491495132446,1.70192e-06,59.68863916397095,1.40114e-07,59.76170992851257,2.19162e-05,59.56438112258911,0.0120148,122,[122],122,[122],122,122,122,122,6.387434554973822,6.069651741293533,6.069651741293533,6.387434554973822,6.387434554973822
58.889167070388794,6.2617e-08,58.79909300804138,1.71457e-06,58.68300819396973,1.41608e-07,58.75887584686279,2.13232e-05,58.55795502662659,0.0120146,123,[123],123,[123],123,123,123,123,6.439790575916231,6.119402985074627,6.119402985074627,6.439790575916231,6.439790575916231
57.88494110107422,6.0339e-08,57.79316997528076,1.82093e-06,57.67979407310486,1.42735e-07,57.75218200683594,2.36203e-05,57.55368399620056,0.0120146,124,[124],124,[124],124,124,124,124,6.492146596858639,6.169154228855722,6.169154228855722,6.492146596858639,6.492146596858639
56.880566120147705,6.2538e-08,56.78920602798462,1.66345e-06,56.673118114471436,1.4245e-07,56.74536490440369,2.27923e-05,56.54678297042847,0.0120147,125,[125],125,[125],125,125,125,125,6.544502617801047,6.218905472636816,6.218905472636816,6.544502617801047,6.544502617801047
55.874476194381714,6.1726e-08,55.784619092941284,1.68861e-06,55.66576409339905,1.43348e-07,55.74109697341919,2.26028e-05,55.53949999809265,0.0120147,126,[126],126,[126],126,126,126,126,6.596858638743456,6.268656716417911,6.268656716417911,6.596858638743456,6.596858638743456
54.87161111831665,6.2414e-08,54.77998614311218,1.70294e-06,54.65934705734253,1.42451e-07,54.73461699485779,2.30449e-05,54.53250598907471,0.0120146,127,[127],127,[127],127,127,127,127,6.649214659685864,6.318407960199005,6.318407960199005,6.649214659685864,6.649214659685864
53.86927318572998,6.0476e-08,53.77651000022888,1.76069e-06,53.656761169433594,1.41133e-07,53.72845101356506,2.53928e-05,53.5272901058197,0.0120146,128,[128],128,[128],128,128,128,128,6.701570680628272,6.3681592039801,6.3681592039801,6.701570680628272,6.701570680628272
52.86395215988159,6.1479e-08,52.76917505264282,1.82163e-06,52.652796030044556,1.40584e-07,52.72263193130493,2.35917e-05,52.52182102203369,0.0120146,129,[129],129,[129],129,129,129,129,6.7539267015706805,6.417910447761194,6.417910447761194,6.7539267015706805,6.7539267015706805
51.86107516288757,6.2164e-08,51.76594305038452,1.80375e-06,51.65019416809082,1.40632e-07,51.718331813812256,2.47699e-05,51.51884198188782,0.0120146,130,[130],130,[130],130,130,130,130,6.806282722513089,6.467661691542289,6.467661691542289,6.806282722513089,6.806282722513089
50.855425119400024,6.1969e-08,50.75916814804077,1.96768e-06,50.647176027297974,1.41652e-07,50.714195013046265,2.57664e-05,50.51318907737732,0.0120143,131,[131],131,[131],131,131,131,131,6.858638743455497,6.517412935323383,6.517412935323383,6.858638743455497,6.858638743455497
49.851747035980225,6.2235e-08,49.75193810462952,2.00799e-06,49.643264055252075,1.37794e-07,49.709916830062866,2.45815e-05,49.50745701789856,0.0120142,132,[132],132,[132],132,132,132,132,6.9109947643979055,6.567164179104478,6.567164179104478,6.9109947643979055,6.9109947643979055
48.846800088882446,6.155e-08,48.74925112724304,2.03108e-06,48.640374183654785,1.39696e-07,48.7056097984314,2.48505e-05,48.50027108192444,0.0120147,133,[133],133,[133],133,133,133,133,6.963350785340314,6.616915422885572,6.616915422885572,6.963350785340314,6.963350785340314
47.84147500991821,6.2375e-08,47.745753049850464,2.04994e-06,47.63749313354492,1.42638e-07,47.69943881034851,1.94315e-05,47.4954719543457,0.0120145,134,[134],134,[134],134,134,134,134,7.015706806282722,6.666666666666667,6.666666666666667,7.015706806282722,7.015706806282722
46.83832406997681,6.2182e-08,46.74070906639099,2.07077e-06,46.633196115493774,1.39385e-07,46.69709396362305,1.76397e-05,46.491878032684326,0.0120143,135,[135],135,[135],135,135,135,135,7.0680628272251305,6.7164179104477615,6.7164179104477615,7.0680628272251305,7.0680628272251305
45.832109212875366,6.1938e-08,45.734565019607544,2.18037e-06,45.62903308868408,1.42128e-07,45.69302487373352,1.77364e-05,45.487672090530396,0.0120146,136,[136],136,[136],136,136,136,136,7.120418848167539,6.766169154228856,6.766169154228856,7.120418848167539,7.120418848167539
44.829551219940186,6.276e-08,44.72761011123657,2.0479e-06,44.62473106384277,1.42434e-07,44.68878197669983,1.71822e-05,44.483407974243164,0.0120147,137,[137],137,[137],137,137,137,137,7.172774869109948,6.8159203980099505,6.8159203980099505,7.172774869109948,7.172774869109948
43.82288312911987,6.1651e-08,43.7207989692688,2.0446e-06,43.61116003990173,1.38101e-07,43.68462085723877,1.6661e-05,43.479161977767944,0.0120145,138,[138],138,[138],138,138,138,138,7.225130890052356,6.865671641791045,6.865671641791045,7.225130890052356,7.225130890052356
42.81793999671936,6.2778e-08,42.71542000770569,2.18763e-06,42.604589223861694,1.48207e-07,42.67830300331116,1.64755e-05,42.47503709793091,0.0120146,139,[139],139,[139],139,139,139,139,7.277486910994765,6.91542288557214,6.91542288557214,7.277486910994765,7.277486910994765
41.81133222579956,6.1526e-08,41.708999156951904,2.31315e-06,41.59974503517151,1.38892e-07,41.672053813934326,1.68607e-05,41.47078514099121,0.0120147,140,[140],140,[140],140,140,140,140,7.329842931937173,6.965174129353234,6.965174129353234,7.329842931937173,7.329842931937173
40.80663800239563,6.2474e-08,40.704156160354614,2.50009e-06,40.59293723106384,2.12768e-07,40.666531801223755,1.65203e-05,40.46728014945984,0.0120148,141,[141],141,[141],141,141,141,141,7.382198952879581,7.014925373134329,7.014925373134329,7.382198952879581,7.382198952879581
39.801812171936035,6.1381e-08,39.69828510284424,2.59764e-06,39.58967208862305,1.52037e-07,39.661810874938965,1.6775e-05,39.460031032562256,0.0120146,142,[142],142,[142],142,142,142,142,7.43455497382199,7.064676616915423,7.064676616915423,7.43455497382199,7.43455497382199
38.79902410507202,6.2368e-08,38.694812059402466,2.44901e-06,38.58737111091614,1.43878e-07,38.65651893615723,1.84121e-05,38.45419406890869,0.0120144,143,[143],143,[143],143,143,143,143,7.486910994764398,7.114427860696518,7.114427860696518,7.486910994764398,7.486910994764398
37.794273138046265,6.201e-08,37.691291093826294,2.38398e-06,37.583619117736816,1.41196e-07,37.65334987640381,1.7549e-05,37.44810605049133,0.0120146,144,[144],144,[144],144,144,144,144,7.539267015706806,7.164179104477612,7.164179104477612,7.539267015706806,7.539267015706806
36.78912305831909,6.3016e-08,36.68846607208252,2.32999e-06,36.579323053359985,1.14034e-07,36.64673900604248,1.73108e-05,36.443711042404175,0.0120144,145,[145],145,[145],145,145,145,145,7.591623036649215,7.213930348258707,7.213930348258707,7.591623036649215,7.591623036649215
35.78468203544617,6.3365e-08,35.68577694892883,2.16101e-06,35.575045108795166,1.47535e-07,35.64271688461304,1.75597e-05,35.43939805030823,0.0120146,146,[146],146,[146],146,146,146,146,7.643979057591623,7.263681592039801,7.263681592039801,7.643979057591623,7.643979057591623
34.777499198913574,6.2275e-08,34.681063175201416,2.23816e-06,34.568443059921265,1.39311e-07,34.64011287689209,1.92848e-05,34.43527007102966,0.0120146,147,[147],147,[147],147,147,147,147,7.696335078534031,7.313432835820896,7.313432835820896,7.696335078534031,7.696335078534031
33.77271604537964,6.3402e-08,33.67490601539612,2.28684e-06,33.562090158462524,1.43305e-07,33.63640999794006,1.91425e-05,33.431950092315674,0.0120146,148,[148],148,[148],148,148,148,148,7.7486910994764395,7.36318407960199,7.36318407960199,7.7486910994764395,7.7486910994764395
32.76787614822388,6.248e-08,32.669832944869995,2.34844e-06,32.556560039520264,1.41506e-07,32.632179975509644,1.83959e-05,32.4292049407959,0.0120142,149,[149],149,[149],149,149,149,149,7.801047120418848,7.412935323383085,7.412935323383085,7.801047120418848,7.801047120418848
31.762598991394043,6.2365e-08,31.6634521484375,2.43672e-06,31.552342176437378,1.461e-07,31.628081798553467,1.87721e-05,31.42223310470581,0.0120144,150,[150],150,[150],150,150,150,150,7.853403141361256,7.462686567164179,7.462686567164179,7.853403141361256,7.853403141361256
30.75883913040161,6.3089e-08,30.658010959625244,2.73075e-06,30.549540996551514,1.46894e-07,30.62372589111328,1.96247e-05,30.418462991714478,0.0120147,151,[151],151,[151],151,151,151,151,7.9057591623036645,7.512437810945274,7.512437810945274,7.9057591623036645,7.9057591623036645
29.754966020584106,6.205e-08,29.651365041732788,2.69125e-06,29.54387402534485,1.47953e-07,29.619451999664307,1.96374e-05,29.412065982818604,0.0120144,152,[152],152,[152],152,152,152,152,7.958115183246074,7.562189054726368,7.562189054726368,7.958115183246074,7.958115183246074
28.751716136932373,6.3605e-08,28.648250102996826,2.98172e-06,28.53902506828308,1.48216e-07,28.615278005599976,2.03913e-05,28.407597064971924,0.0120146,153,[153],153,[153],153,153,153,153,8.010471204188482,7.611940298507463,7.611940298507463,8.010471204188482,8.010471204188482
27.747218132019043,6.0802e-08,27.642887115478516,2.53564e-06,27.535502195358276,1.66824e-07,27.611089944839478,1.95639e-05,27.40518093109131,0.0120145,154,[154],154,[154],154,154,154,154,8.06282722513089,7.661691542288557,7.661691542288557,8.06282722513089,8.06282722513089
26.738394021987915,6.1622e-08,26.63589596748352,2.88047e-06,26.531148195266724,1.55318e-07,26.606887817382812,2.06579e-05,26.401345014572144,0.0120142,155,[155],155,[155],155,155,155,155,8.115183246073299,7.711442786069652,7.711442786069652,8.115183246073299,8.115183246073299
25.731943130493164,6.2422e-08,25.631809949874878,2.36974e-06,25.52782416343689,1.48012e-07,25.60261583328247,2.02174e-05,25.397331953048706,0.0120146,156,[156],156,[156],156,156,156,156,8.167539267015707,7.7611940298507465,7.7611940298507465,8.167539267015707,8.167539267015707
24.72779107093811,6.1495e-08,24.62707495689392,2.45636e-06,24.5222110748291,1.49549e-07,24.598132848739624,2.41696e-05,24.39172101020813,0.0120145,157,[157],157,[157],157,157,157,157,8.219895287958115,7.810945273631841,7.810945273631841,8.219895287958115,8.219895287958115
23.723140001296997,6.1646e-08,23.621373176574707,2.5172e-06,23.517020225524902,1.55476e-07,23.595448970794678,2.29621e-05,23.388564109802246,0.0120147,158,[158],158,[158],158,158,158,158,8.272251308900524,7.8606965174129355,7.8606965174129355,8.272251308900524,8.272251308900524
22.71926999092102,6.1728e-08,22.61595606803894,2.95206e-06,22.514275074005127,1.58547e-07,22.58988881111145,2.46496e-05,22.382740020751953,0.0120147,159,[159],159,[159],159,159,159,159,8.324607329842932,7.91044776119403,7.91044776119403,8.324607329842932,8.324607329842932
21.714927196502686,6.1527e-08,21.608729124069214,2.5514e-06,21.510094165802002,1.50664e-07,21.583815813064575,2.48402e-05,21.379757165908813,0.0120144,160,[160],160,[160],160,160,160,160,8.37696335078534,7.960199004975125,7.960199004975125,8.37696335078534,8.37696335078534
20.711854219436646,6.1836e-08,20.60244107246399,2.58672e-06,20.507575035095215,1.52441e-07,20.579887866973877,2.34002e-05,20.375911951065063,0.0120148,161,[161],161,[161],161,161,161,161,8.429319371727749,8.009950248756219,8.009950248756219,8.429319371727749,8.429319371727749
19.706709146499634,6.1629e-08,19.597362995147705,2.50141e-06,19.5015652179718,1.6146e-07,19.576982021331787,2.53083e-05,19.369408130645752,0.0120145,162,[162],162,[162],162,162,162,162,8.481675392670157,8.059701492537314,8.059701492537314,8.481675392670157,8.481675392670157
18.70019817352295,6.1917e-08,18.59111499786377,2.39046e-06,18.496410131454468,1.62524e-07,18.572592973709106,2.86299e-05,18.366238117218018,0.0120146,163,[163],163,[163],163,163,163,163,8.534031413612565,8.109452736318408,8.109452736318408,8.534031413612565,8.534031413612565
17.696458101272583,6.2103e-08,17.5884211063385,2.42865e-06,17.493160009384155,1.78859e-07,17.568794012069702,2.98762e-05,17.36337399482727,0.0120147,164,[164],164,[164],164,164,164,164,8.586387434554974,8.159203980099504,8.159203980099504,8.586387434554974,8.586387434554974
16.693238019943237,6.2074e-08,16.582199096679688,2.37369e-06,16.48891520500183,1.96956e-07,16.56614089012146,2.49478e-05,16.35905694961548,0.0120145,165,[165],165,[165],165,165,165,165,8.638743455497382,8.208955223880597,8.208955223880597,8.638743455497382,8.638743455497382
15.6896231174469,6.2334e-08,15.579489946365356,2.66789e-06,15.486440181732178,1.56489e-07,15.560211896896362,2.95223e-05,15.354941129684448,0.0120144,166,[166],166,[166],166,166,166,166,8.69109947643979,8.258706467661693,8.258706467661693,8.69109947643979,8.69109947643979
14.685051202774048,6.0978e-08,14.576642990112305,2.33633e-06,14.480422019958496,1.47846e-07,14.555388927459717,2.29961e-05,14.350685119628906,0.0120146,167,[167],167,[167],167,167,167,167,8.743455497382199,8.308457711442786,8.308457711442786,8.743455497382199,8.743455497382199
13.681143045425415,6.2164e-08,13.571995973587036,2.31451e-06,13.47312617301941,1.76539e-07,13.551820993423462,2.41063e-05,13.346070051193237,0.0120147,168,[168],168,[168],168,168,168,168,8.795811518324607,8.358208955223882,8.358208955223882,8.795811518324607,8.795811518324607
12.678256034851074,6.4538e-08,12.568566083908081,2.37374e-06,12.466138124465942,1.50515e-07,12.547545909881592,2.62431e-05,12.339960098266602,0.0120145,169,[169],169,[169],169,169,169,169,8.848167539267015,8.407960199004975,8.407960199004975,8.848167539267015,8.848167539267015
11.672658205032349,6.1725e-08,11.563529014587402,2.38041e-06,11.46288514137268,1.59086e-07,11.543426990509033,3.3103e-05,11.337203979492188,0.0120146,170,[170],170,[170],170,170,170,170,8.900523560209423,8.45771144278607,8.45771144278607,8.900523560209423,8.900523560209423
10.666388034820557,6.402e-08,10.559693098068237,2.48073e-06,10.45871901512146,1.15174e-07,10.539053916931152,2.73043e-05,10.332478046417236,0.0120144,171,[171],171,[171],171,171,171,171,8.952879581151832,8.507462686567164,8.507462686567164,8.952879581151832,8.952879581151832
9.661814212799072,6.1129e-08,9.553508996963501,2.46316e-06,9.452451229095459,2.55538e-07,9.534603834152222,3.13139e-05,9.326228141784668,0.0120142,,[172],,[172],,172,,172,9.00523560209424,8.55721393034826,8.55721393034826,9.00523560209424,9.00523560209424
8.656025171279907,6.2001e-08,8.548848152160645,2.49955e-06,8.449215173721313,1.44917e-07,8.531322956085205,3.10165e-05,8.319537162780762,0.0120144,,[173],,[173],,173,,173,9.057591623036648,8.606965174129353,8.606965174129353,9.057591623036648,9.057591623036648
7.649983167648315,6.3528e-08,7.546489953994751,2.66088e-06,7.445003032684326,1.68083e-07,7.526485919952393,3.1058e-05,7.313773155212402,0.0120144,,[174],,[174],,174,,174,9.109947643979057,8.656716417910449,8.656716417910449,9.109947643979057,9.109947643979057
6.645605087280273,6.1492e-08,6.542747974395752,2.58715e-06,6.441179037094116,1.5044e-07,6.5215208530426025,3.0874e-05,6.311094045639038,0.0120146,,[175],,[175],,175,,175,9.162303664921465,8.706467661691542,8.706467661691542,9.162303664921465,9.162303664921465
5.639890193939209,6.2078e-08,5.539582967758179,2.53653e-06,5.437087059020996,1.58167e-07,5.517911911010742,2.78775e-05,5.306852102279663,0.0120144,,[176],,[176],,176,,176,9.214659685863875,8.756218905472638,8.756218905472638,9.214659685863875,9.214659685863875
4.634085178375244,6.1308e-08,4.533725023269653,2.55836e-06,4.432331085205078,1.42473e-07,4.511348009109497,2.65339e-05,4.303648948669434,0.0120145,,[177],,[177],,177,,177,9.267015706806284,8.805970149253731,8.805970149253731,9.267015706806284,9.267015706806284
3.6288812160491943,6.2126e-08,3.5280261039733887,2.77932e-06,3.4280970096588135,1.46569e-07,3.5060579776763916,2.75282e-05,3.2983641624450684,0.0120147,,[178],,[178],,178,,178,9.319371727748692,8.855721393034827,8.855721393034827,9.319371727748692,9.319371727748692
2.6238460540771484,6.2361e-08,2.524651050567627,3.04494e-06,2.4238882064819336,1.65734e-07,2.501377820968628,2.92071e-05,2.290030002593994,0.0120145,,[179],,[179],,179,,179,9.3717277486911,8.90547263681592,8.90547263681592,9.3717277486911,9.3717277486911
1.6190671920776367,6.1476e-08,1.5211541652679443,2.83474e-06,1.4195880889892578,1.53136e-07,1.4951729774475098,2.894e-05,1.2875511646270752,0.0120144,,[180],,[180],,180,,180,9.424083769633508,8.955223880597016,8.955223880597016,9.424083769633508,9.424083769633508
0.6124210357666016,6.487e-08,0.5141730308532715,2.35888e-06,0.41226720809936523,1.48176e-07,0.48923301696777344,2.96108e-05,0.2813899517059326,0.0120143,,[181],,[181],,181,,181,9.476439790575917,9.00497512437811,9.00497512437811,9.476439790575917,9.476439790575917
,,,,,,,,,,,,,,,,,,9.528795811518325,9.054726368159205,9.054726368159205,9.528795811518325,9.528795811518325
,,,,,,,,,,,,,,,,,,9.581151832460733,9.104477611940299,9.104477611940299,9.581151832460733,9.581151832460733
,,,,,,,,,,,,,,,,,,9.633507853403142,9.154228855721394,9.154228855721394,9.633507853403142,9.633507853403142
,,,,,,,,,,,,,,,,,,9.68586387434555,9.203980099502488,9.203980099502488,9.68586387434555,9.68586387434555
,,,,,,,,,,,,,,,,,,9.738219895287958,9.253731343283583,9.253731343283583,9.738219895287958,9.738219895287958
,,,,,,,,,,,,,,,,,,9.790575916230367,9.303482587064677,9.303482587064677,9.790575916230367,9.790575916230367
,,,,,,,,,,,,,,,,,,9.842931937172775,9.353233830845772,9.353233830845772,9.842931937172775,9.842931937172775
,,,,,,,,,,,,,,,,,,9.895287958115183,9.402985074626866,9.402985074626866,9.895287958115183,9.895287958115183
,,,,,,,,,,,,,,,,,,9.947643979057592,9.452736318407961,9.452736318407961,9.947643979057592,9.947643979057592
,,,,,,,,,,,,,,,,,,10.0,9.502487562189055,9.502487562189055,10.0,10.0
,,,,,,,,,,,,,,,,,,,9.55223880597015,9.55223880597015,,
,,,,,,,,,,,,,,,,,,,9.601990049751244,9.601990049751244,,
,,,,,,,,,,,,,,,,,,,9.65174129353234,9.65174129353234,,
,,,,,,,,,,,,,,,,,,,9.701492537313433,9.701492537313433,,
,,,,,,,,,,,,,,,,,,,9.751243781094528,9.751243781094528,,
,,,,,,,,,,,,,,,,,,,9.800995024875622,9.800995024875622,,
,,,,,,,,,,,,,,,,,,,9.850746268656717,9.850746268656717,,
,,,,,,,,,,,,,,,,,,,9.900497512437811,9.900497512437811,,
,,,,,,,,,,,,,,,,,,,9.950248756218906,9.950248756218906,,
,,,,,,,,,,,,,,,,,,,10.0,10.0,,
